{"cameraMode":{"drawMode":0,"name":"Shaded","section":"Shading Mode"},"sceneLighting":false,"audioPlay":false,"sceneViewState":{"m_AlwaysRefresh":false,"showFog":true,"showSkybox":false,"showFlares":true,"showImageEffects":true,"showParticleSystems":true,"showVisualEffectGraphs":true,"m_FxEnabled":true},"in2DMode":false,"pivot":{"x":0.33492761850357058,"y":1.1342170238494874,"z":-0.2310030609369278},"rotation":{"x":0.35836073756217959,"y":-0.23566333949565888,"z":0.09398922324180603,"w":0.8984964489936829},"size":2.5141427516937258,"orthographic":false}