{"cameraMode":{"drawMode":0,"name":"Shaded","section":"Shading Mode"},"sceneLighting":false,"audioPlay":false,"sceneViewState":{"m_AlwaysRefresh":false,"showFog":true,"showSkybox":false,"showFlares":true,"showImageEffects":true,"showParticleSystems":true,"showVisualEffectGraphs":true,"m_FxEnabled":true},"in2DMode":false,"pivot":{"x":-0.32904890179634097,"y":-0.15640997886657716,"z":0.403124064207077},"rotation":{"x":0.06439390778541565,"y":-0.04789171367883682,"z":0.003082607639953494,"w":0.9968190789222717},"size":2.5858569145202638,"orthographic":false}