{"cameraMode":{"drawMode":0,"name":"Shaded","section":"Shading Mode"},"sceneLighting":false,"audioPlay":false,"sceneViewState":{"m_AlwaysRefresh":false,"showFog":true,"showSkybox":false,"showFlares":true,"showImageEffects":true,"showParticleSystems":true,"showVisualEffectGraphs":true,"m_FxEnabled":true},"in2DMode":false,"pivot":{"x":0.4290989339351654,"y":-0.17470166087150575,"z":1.8783754110336304},"rotation":{"x":0.15982206165790559,"y":-0.008893154561519623,"z":0.0014294858556240798,"w":0.9871529936790466},"size":1.3956058025360108,"orthographic":false}